patients_served,patients_per_day,overbooked_served,no_shows,avg_wait,median_wait,p90_wait,max_wait,std_wait,gini_wait,avg_turnaround,emergency_avg_wait,emergency_max_wait,emergency_within_limit_rate,urgent_avg_wait,urgent_max_wait,urgent_within_limit_rate,routine_avg_wait,routine_max_wait,routine_within_limit_rate,starvation_rate,utilization,utilization_xray,utilization_ct,utilization_mri,utilization_ultrasound,policy,seed,scenario
952.0,190.4,0.0,53.0,24.467398568443976,0.0,71.10807221762215,680.1921071812135,74.67609175926599,0.88,83.34073881618652,21.218061789158728,639.2008594545676,0.8035714285714286,17.377618724777307,474.4052752300797,0.8536585365853658,26.19120420310359,680.1921071812135,0.9163179916317992,0.08368200836820083,0.5255482578881998,0.3767780002835569,0.7038465502471672,0.9134231003408395,0.37646793070987666,fcfs,42,baseline
952.0,190.4,0.0,53.0,24.731589722262814,0.0,63.29581336130587,680.1921071812133,79.3262544164528,0.8948,83.81615840544951,2.372992514819601,50.11491735310324,0.9375,4.6282922786746274,44.89031621145,0.9512195121951219,31.672828875393897,680.1921071812133,0.895397489539749,0.10460251046025104,0.5255482578881998,0.3767780002835568,0.7038465502471672,0.9134231003408398,0.37646793070987683,priority,42,baseline
952.0,190.4,0.0,53.0,22.242990531514813,0.0,34.633612749739434,1057.2336603265537,85.09249730508402,0.9097,82.19094705692306,3.105067784607367,50.11491735310324,0.9107142857142857,23.05657111117434,495.48767008792754,0.8943089430894309,25.092888629639656,1057.2336603265537,0.9316596931659693,0.0683403068340307,0.5255482578881998,0.3767780002835568,0.7038465502471675,0.9134231003408397,0.37646793070987683,sjf,42,baseline
952.0,190.4,0.0,53.0,24.481397397064633,0.0,72.65145610628922,680.1921071812135,74.95301704426561,0.8813,83.70807886236639,18.221824473647064,608.918355793652,0.8392857142857143,15.411069122690103,391.6959076951241,0.8699186991869918,27.01518058419272,680.1921071812135,0.9149232914923291,0.0850767085076709,0.5255482578881998,0.3767780002835568,0.7038465502471675,0.9134231003408398,0.37646793070987683,wave,42,baseline
952.0,190.4,0.0,53.0,24.396881021250447,0.0,68.39510823038336,680.1921071812135,77.01049199448627,0.8901,83.77184763187618,2.7982836375664704,54.897705365724846,0.9285714285714286,11.071297613583772,308.18211818626,0.9105691056910569,30.056699244563703,680.1921071812135,0.898186889818689,0.101813110181311,0.5255482578881999,0.3767780002835568,0.7038465502471675,0.9134231003408401,0.37646793070987683,radqueue_ai,42,baseline
998.0,199.6,46.0,53.0,29.20173228534128,0.0,86.8147739523899,704.2782933085723,86.78327803081184,0.8825,94.74348602618387,3.842594885621208,85.67334644043626,0.8928571428571429,12.095453018431852,302.82367825429685,0.9105691056910569,35.681805337239716,704.2782933085723,0.8820445609436435,0.11795543905635653,0.5401087303182789,0.39312258521504917,0.7223319424843481,0.9114236049399469,0.3927072984962203,radqueue_noshow,42,baseline
986.0,197.2,0.0,65.0,27.755163589081068,0.0,61.69579024987564,701.805655991863,86.97719642366414,0.8945,89.54959280893392,23.648252545433518,462.4343790808924,0.8247422680412371,41.23491919674285,701.805655991863,0.8130081300813008,26.110725510088137,642.20328635795,0.9308093994778068,0.06919060052219317,0.5370382390922074,0.3670849271601023,0.7810972198389754,0.8281137074888112,0.40237149204529477,fcfs,43,baseline
986.0,197.2,0.0,65.0,28.350072170646488,0.0,52.34258945748263,704.2538263184522,97.53146260291201,0.9072,90.06911388436795,4.541314043357429,70.76603086559555,0.8969072164948454,6.514517773296935,106.30423376195893,0.9186991869918699,34.87125066832408,704.2538263184522,0.9151436031331592,0.08485639686684077,0.5370382390922074,0.36708492716010244,0.7810972198389757,0.8281137074888111,0.40237149204529477,priority,43,baseline
986.0,197.2,0.0,65.0,26.285837144076766,0.0,43.60752727642563,1115.6376465213616,102.88742159165511,0.9142,89.19979628937159,4.21214073914588,53.762073154714244,0.8969072164948454,30.81926493389161,909.1660762230546,0.8373983739837398,28.353117735631688,1115.6376465213616,0.9190600522193212,0.08093994778067881,0.5370092542370548,0.3670849271601023,0.7810972198389754,0.8278818286475912,0.4023714920452946,sjf,43,baseline
986.0,197.2,0.0,65.0,27.92648738578536,0.0,63.508079987657254,701.805655991863,87.42499992998226,0.8948,89.71999942507617,21.863350617225308,462.4343790808924,0.8556701030927835,37.68232381064416,701.805655991863,0.8292682926829268,27.127735931859377,642.20328635795,0.9295039164490861,0.07049608355091386,0.5370382390922074,0.36708492716010244,0.7810972198389757,0.8281137074888112,0.40237149204529477,wave,43,baseline
986.0,197.2,0.0,65.0,28.197302133984604,0.0,57.10514012722297,689.0313791951894,91.0464250082057,0.9016,90.00961686602065,3.7450584965115503,53.762073154714244,0.8969072164948454,32.7921059989889,567.3053563127642,0.8861788617886179,30.555927143696564,689.0313791951894,0.9177545691906005,0.0822454308093995,0.5370382390922073,0.36708492716010244,0.7810972198389757,0.8281137074888109,0.40237149204529477,radqueue_ai,43,baseline
1035.0,207.0,49.0,65.0,29.82815352740247,0.0,69.55098210011282,675.2312741983471,89.08835287687698,0.8849,100.84504324332052,3.9468600168336203,53.762073154714244,0.8865979381443299,33.085807257472396,558.5536429277399,0.8943089430894309,32.41685789761913,675.2312741983471,0.905521472392638,0.09447852760736197,0.560578545201834,0.3897594210834138,0.8220999971198533,0.8414295455891684,0.414860279267778,radqueue_noshow,43,baseline
972.0,194.4,0.0,63.0,34.62850226511971,0.0,68.64460225443283,824.0838775379075,111.71326909502659,0.902,86.98928079560945,43.02534304883388,673.7462585387203,0.7981651376146789,41.85344961227279,824.0838775379075,0.8306451612903226,32.17769155270858,796.446944744041,0.93234100135318,0.06765899864682001,0.5427806624308482,0.369752745158749,0.7653270923054424,0.9293149821175306,0.38650894862106105,fcfs,44,baseline
972.0,194.4,0.0,63.0,34.618279689622774,0.0,59.73365131526203,838.3133897547943,121.2384397956634,0.9138,86.76955049564809,5.6985879668488915,80.79738560875205,0.8165137614678899,10.88724782927522,277.15106372431353,0.9354838709677419,42.86576865912947,838.3133897547943,0.9133964817320703,0.08660351826792967,0.5427806624308479,0.369752745158749,0.7653270923054419,0.9293149821175304,0.38650894862106094,priority,44,baseline
972.0,194.4,0.0,63.0,32.51560428204465,0.0,46.665242364421616,1227.4459511072141,123.78134162596021,0.9201,85.06813982978862,5.137257349885848,170.53312171524738,0.8532110091743119,37.43260497140295,936.4918605100377,0.8548387096774194,35.72877306435166,1227.4459511072141,0.9147496617050067,0.08525033829499329,0.542780662430848,0.369752745158749,0.7653270923054422,0.9293149821175306,0.38650894862106105,sjf,44,baseline
972.0,194.4,0.0,63.0,34.77653300990646,0.0,68.55847965663716,824.0838775379075,112.14725995518097,0.9029,87.08348538220224,40.47414658735846,658.5118808130063,0.7889908256880734,37.70014585376325,824.0838775379075,0.8548387096774194,33.44558866270685,796.446944744041,0.9269282814614344,0.07307171853856564,0.542780662430848,0.369752745158749,0.7653270923054419,0.9293149821175306,0.38650894862106094,wave,44,baseline
972.0,194.4,0.0,63.0,34.6110154504142,0.0,63.98462253640554,838.3133897547943,115.20814694422921,0.9081,86.44869655787208,5.663633266012893,71.0742701426177,0.8165137614678899,37.83463980520688,666.7925519140044,0.8709677419354839,38.33975054933904,838.3133897547943,0.9161028416779432,0.0838971583220568,0.542780662430848,0.369752745158749,0.7653270923054419,0.9293149821175306,0.38650894862106094,radqueue_ai,44,baseline
1022.0,204.4,50.0,63.0,38.38997005642956,0.0,70.33212375436888,960.2937262316141,126.91231614119887,0.9058,96.18775626601456,5.3230629207828795,62.62926389092581,0.8348623853211009,42.06384638145572,789.1633832552927,0.8790322580645161,42.380758666673216,960.2937262316141,0.9049429657794676,0.09505703422053235,0.5646615762451448,0.3937229782284741,0.79806982548855,0.9319144544200165,0.4040347849393101,radqueue_noshow,44,baseline
936.0,187.2,0.0,56.0,32.11147836840695,0.0,70.37097642935316,846.4792272955415,108.96197841677122,0.9047,83.82156263095507,23.923682646863654,414.44170860073643,0.8085106382978723,43.164993758639135,815.4840093251341,0.8449612403100775,31.191070672032644,846.4792272955415,0.9284712482468443,0.07152875175315565,0.5051271303415338,0.3775596959648155,0.6454272881976433,0.8906709108717544,0.3634062337853914,fcfs,45,baseline
936.0,187.2,0.0,56.0,30.823730234639957,0.0,54.349769208365274,877.1356123265668,110.24114738559695,0.9117,83.06144083172491,5.274657104362303,62.98704005125853,0.8404255319148937,8.325936673034185,142.07584406963622,0.9147286821705426,38.26247952453231,877.1356123265668,0.908835904628331,0.09116409537166903,0.5051271303415337,0.3775596959648155,0.6454272881976431,0.8906709108717541,0.3634062337853914,priority,45,baseline
936.0,187.2,0.0,56.0,29.714134854879298,0.0,41.61485247553446,1132.9292102097575,120.73365955299667,0.9226,82.08512633667112,3.7938923100398876,46.33108690423012,0.8829787234042553,27.390914399327258,423.8303856434401,0.8914728682170543,33.55172004138858,1132.9292102097575,0.9214586255259467,0.0785413744740533,0.5051271303415337,0.3775596959648155,0.6454272881976431,0.8906709108717541,0.3634062337853914,sjf,45,baseline
936.0,187.2,0.0,56.0,31.999065162026536,0.0,70.34089670346742,846.4792272955415,108.71293083397448,0.9048,83.832321234809,20.225460214713053,414.44170860073643,0.7978723404255319,41.243381208881445,815.4840093251341,0.8527131782945736,31.87873149442932,846.4792272955415,0.9270687237026648,0.0729312762973352,0.5051271303415337,0.3775596959648155,0.6454272881976431,0.8906709108717541,0.3634062337853914,wave,45,baseline
936.0,187.2,0.0,56.0,31.9367407895172,0.0,64.21889701296811,846.4792272955415,109.57757717574323,0.9079,84.00236495763222,5.5141317473746625,62.98704005125853,0.8404255319148937,39.41578454311626,815.4840093251341,0.8837209302325582,34.06707543993391,846.4792272955415,0.9144460028050491,0.08555399719495094,0.5051271303415337,0.3775596959648155,0.6454272881976431,0.8906709108717544,0.3634062337853914,radqueue_ai,45,baseline
995.0,199.0,59.0,56.0,34.607282253601404,0.0,79.46169391792787,871.151468949309,113.2150327091058,0.9,100.01591921198806,5.358637451831133,56.63264042227331,0.8829787234042553,41.37699471215337,850.9308196402585,0.8682170542635659,37.03743731087239,871.151468949309,0.8963730569948186,0.10362694300518138,0.5282132071869844,0.39878982497622534,0.6783242097482298,0.8906709108717541,0.3910084260994926,radqueue_noshow,45,baseline
982.0,196.4,0.0,79.0,52.8942783313191,0.0,192.22802242320492,862.5559046993012,130.59887367954093,0.8599,125.01966123801816,54.28849237860658,424.942431350922,0.6790123456790124,73.49976964787442,840.6147812178722,0.7461538461538462,49.27346742472704,862.5559046993012,0.8521400778210116,0.14785992217898836,0.524940689844566,0.34305133665476406,0.7449934591658348,0.9510473757842397,0.3646686073381636,fcfs,46,baseline
982.0,196.4,0.0,79.0,54.370782820803385,0.0,178.89024596856652,865.780408926722,148.42262175811868,0.8825,126.00223559629617,6.103936931892492,63.67550358726669,0.7407407407407407,10.659359891426037,271.37513717828097,0.8923076923076924,66.8118976039692,865.780408926722,0.833981841763943,0.16601815823605703,0.5249406898445661,0.34305133665476406,0.744993459165835,0.9510473757842397,0.3646686073381636,priority,46,baseline
982.0,196.4,0.0,79.0,49.726345023387886,0.0,111.59932381215773,1257.8530433929695,156.6659225252055,0.9044,123.97010473161993,5.747032151068763,63.653547715869536,0.7777777777777778,57.8602385416896,781.7039322018475,0.8153846153846154,52.975266145668854,1257.8530433929695,0.8845654993514915,0.11543450064850846,0.5249406898445662,0.3424796432917205,0.744993459165835,0.9510473757842398,0.365526147382729,sjf,46,baseline
982.0,196.4,0.0,79.0,52.889603037939175,0.0,191.98544409406068,862.5559046993012,130.6101549522162,0.8602,124.93656350594352,49.17221261124117,353.0042834297808,0.691358024691358,70.70422005796485,840.6147812178722,0.7538461538461538,50.276384376407655,862.5559046993012,0.8495460440985733,0.15045395590142674,0.524940689844566,0.34305133665476406,0.7449934591658348,0.9510473757842394,0.3646686073381636,wave,46,baseline
982.0,196.4,0.0,79.0,52.88683572584268,0.0,215.332819108713,862.5559046993012,133.58794682751477,0.8679,125.17485066784327,5.864895222146005,63.67550358726669,0.7654320987654321,64.02309158481086,734.5596747213974,0.7923076923076923,55.94917543937518,862.5559046993012,0.8365758754863813,0.16342412451361865,0.5249406898445661,0.34305133665476406,0.7449934591658348,0.9510473757842399,0.3646686073381636,radqueue_ai,46,baseline
1047.0,209.4,65.0,79.0,62.13785416326632,0.0,247.78837618122185,959.5311206721774,152.27763687394784,0.8609,144.90239264912722,11.887735613035648,269.74735572148893,0.7901234567901234,70.69975195360796,854.737650460765,0.8076923076923077,65.67519015587906,959.5311206721774,0.8277511961722488,0.1722488038277512,0.540879522843337,0.36206755841173693,0.7566188978544607,0.9533193182118526,0.38713819679535555,radqueue_noshow,46,baseline
959.0,191.8,0.0,63.0,35.334732966513236,0.0,112.87774716963058,606.1681504413075,90.92783341509774,0.8657,94.13662845959486,57.36356057067199,552.099823138084,0.6736842105263158,29.766892114059434,567.6227469002404,0.8211382113821138,33.43474079708913,606.1681504413075,0.8798920377867746,0.1201079622132254,0.5060000859264344,0.36036582044248233,0.6617462932644017,0.813874876565797,0.41476788149471405,fcfs,47,baseline
959.0,191.8,0.0,63.0,35.72870590047601,0.0,104.71041188254185,620.8315371349672,99.13441242042484,0.8816,93.83566794703229,12.03066698439992,142.98482488127524,0.7368421052631579,6.280056798383197,101.31357423210216,0.943089430894309,43.65515331826904,620.8315371349672,0.8609986504723347,0.1390013495276653,0.5060000859264344,0.36036582044248233,0.6617462932644014,0.813874876565797,0.41476788149471405,priority,47,baseline
959.0,191.8,0.0,63.0,32.12626817638445,0.0,75.3410477546843,1200.7348164912983,105.60442815249947,0.8959,91.94666253974162,11.424882234586772,144.38038807948033,0.7263157894736842,29.42297049254936,680.4359025831461,0.8617886178861789,35.229017541543016,1200.7348164912983,0.8960863697705803,0.10391363022941968,0.5058987785461259,0.36036582044248233,0.6617462932644017,0.8130644175233285,0.41476788149471394,sjf,47,baseline
959.0,191.8,0.0,63.0,35.43267195358704,0.0,115.61153091091917,606.1681504413073,91.02870037534822,0.8656,94.5593401582035,48.359268843170064,552.0998231380838,0.7052631578947368,28.539467891376244,567.6227469002401,0.8373983739837398,34.91963200101152,606.1681504413073,0.8744939271255061,0.1255060728744939,0.5060000859264344,0.36036582044248233,0.6617462932644017,0.8138748765657972,0.41476788149471405,wave,47,baseline
959.0,191.8,0.0,63.0,35.17975763691538,0.0,113.39181751113881,606.1681504413073,94.24332909287538,0.8738,94.22086963328961,11.81141425205854,146.25092987402786,0.7578947368421053,25.75721729652594,567.6227469002401,0.8699186991869918,39.73976449714387,606.1681504413073,0.8623481781376519,0.13765182186234814,0.5060000859264344,0.36036582044248233,0.6617462932644017,0.8138748765657972,0.41476788149471405,radqueue_ai,47,baseline
1009.0,201.8,50.0,63.0,41.025228237115876,0.0,123.53377585631586,748.9992345046776,113.64447046425538,0.8782,108.03538191353009,10.480702150252622,95.78503088941022,0.7368421052631579,27.347343808376266,678.0192905761346,0.8780487804878049,46.820562956442025,748.9992345046776,0.8584070796460177,0.1415929203539823,0.5218251515433459,0.37677308072524435,0.6754523450162915,0.8138748765657974,0.43975120178632654,radqueue_noshow,47,baseline
979.0,195.8,0.0,62.0,26.78885297401501,0.0,83.03406311376283,557.1867438285888,75.350109504383,0.8636,93.31547455860066,40.500705316183144,487.0302231829287,0.696969696969697,27.510192206696537,499.68035090925287,0.8067226890756303,24.89225277616515,557.1867438285888,0.9132720105124835,0.08672798948751648,0.5373310660178371,0.3941894066319451,0.8148597583689035,0.7964955639563307,0.3449326137763616,fcfs,48,baseline
979.0,195.8,0.0,62.0,27.169426434524482,0.0,75.72971390687496,710.3045835758755,86.40521821021093,0.882,92.41830360367341,6.316868597355552,70.35512863153372,0.8181818181818182,9.963339286215698,185.66175801946144,0.9243697478991597,32.572747849147966,710.3045835758755,0.897503285151117,0.10249671484888301,0.5373310660178371,0.3941894066319453,0.8148597583689036,0.796495563956331,0.3449326137763616,priority,48,baseline
979.0,195.8,0.0,62.0,25.82969055273132,0.0,42.115388151127846,924.0795774939057,93.11145581216351,0.9005,91.61780404020459,6.632713013408543,94.30290128183674,0.8181818181818182,33.70887164359164,773.5544085794123,0.8487394957983193,27.094970745347062,924.0795774939057,0.9329829172141918,0.0670170827858082,0.5373310660178371,0.3941894066319453,0.8148597583689033,0.7964955639563307,0.3449326137763615,sjf,48,baseline
979.0,195.8,0.0,62.0,26.779196237881877,0.0,83.48274922962418,557.1867438285888,75.43819698242402,0.8652,92.6044532038767,37.91967961321048,487.0302231829287,0.7373737373737373,24.7040790842775,499.68035090925287,0.8403361344537815,25.65440134579435,557.1867438285888,0.911957950065703,0.08804204993429698,0.5373310660178372,0.3941894066319453,0.8148597583689039,0.7964955639563307,0.3449326137763616,wave,48,baseline
979.0,195.8,0.0,62.0,27.204024440665968,0.0,74.5424506772283,622.1009127408561,84.24608752131863,0.8795,93.18824794804877,6.1706433559711975,70.35512863153372,0.8282828282828283,22.214558023024185,518.87225183613,0.8907563025210085,30.720517516992054,622.1009127408561,0.9014454664914586,0.09855453350854138,0.5373310660178372,0.3941894066319453,0.8148597583689039,0.7964955639563307,0.3449326137763616,radqueue_ai,48,baseline
1034.0,206.8,55.0,62.0,29.279546128207887,0.0,81.77436730546478,681.4396890877513,86.78403142613365,0.8726,107.11157103664767,5.280374948342421,65.14484047196129,0.8383838383838383,24.17592359386122,563.601365627525,0.8823529411764706,32.93548856496516,681.4396890877513,0.8848039215686274,0.11519607843137258,0.5589134623720655,0.4140794106957197,0.8326254300030308,0.8324584911252315,0.3656800578790362,radqueue_noshow,48,baseline
938.0,187.6,0.0,72.0,28.927451461446157,0.0,98.19859126063788,563.4029448112819,72.50452251242838,0.8582,83.45763632410566,26.56287408014795,450.4179505307808,0.7843137254901961,21.526285988064984,411.85662755748774,0.8260869565217391,30.442459675497815,563.4029448112819,0.8807212205270458,0.11927877947295418,0.5203218134092696,0.34578986323763544,0.7910641312534754,0.8224041046305849,0.36033627521185724,fcfs,49,baseline
938.0,187.6,0.0,72.0,28.42284653476946,0.0,94.58517175471196,563.4029448112819,75.27166232709793,0.8728,83.56642760993032,4.094831915132504,145.4646377683223,0.8921568627450981,5.502860172084162,130.41421450458233,0.9478260869565217,35.52028886890507,563.4029448112819,0.8640776699029126,0.13592233009708743,0.520570401846444,0.34578986323763544,0.7917005366888994,0.8231200012571325,0.36033627521185724,priority,49,baseline
938.0,187.6,0.0,72.0,26.590037086011023,0.0,61.828078585109935,997.9361426221361,88.43885615371538,0.8983,82.86654905955439,4.429546435731633,131.86129950509826,0.8823529411764706,14.375012243746074,390.43403863670096,0.8869565217391304,31.673390627188517,997.9361426221361,0.9070735090152566,0.09292649098474337,0.520151976779906,0.34578986323763544,0.790026836422747,0.8231200012571327,0.36033627521185724,sjf,49,baseline
938.0,187.6,0.0,72.0,28.900357699227342,0.0,97.00090261186693,563.4029448112819,72.46351844279476,0.8585,83.53257355769357,25.29490049789175,450.4179505307808,0.7941176470588235,18.127061364175376,335.6054869610847,0.8608695652173913,31.128770616102802,563.4029448112819,0.8807212205270458,0.11927877947295418,0.5203982703537426,0.34578986323763544,0.7910120107180936,0.8231200012571327,0.36033627521185724,wave,49,baseline
938.0,187.6,0.0,72.0,28.5962208184852,0.0,96.18567098428625,563.4029448112819,73.99764924069704,0.8672,83.3767069839762,4.365389401398719,144.07882944937182,0.8725490196078431,15.324650639443353,268.8428000239883,0.8782608695652174,34.14098555514627,563.4029448112819,0.869625520110957,0.13037447988904305,0.5204661242165016,0.34578986323763544,0.7912834261691295,0.8231200012571325,0.36033627521185724,radqueue_ai,49,baseline
1005.0,201.0,67.0,72.0,34.65649392561608,0.0,122.67275461539519,701.8800529256882,88.45622844552967,0.8597,98.8796079398893,5.762934824373621,187.9876270345726,0.8627450980392157,19.9687683483725,295.6870969554702,0.8695652173913043,40.54003639986702,701.8800529256882,0.8515228426395939,0.14847715736040612,0.539901662329163,0.3736592401358045,0.8000950220968368,0.8231200012571325,0.3874627663875425,radqueue_noshow,49,baseline
930.0,186.0,0.0,57.0,29.83250272815608,0.0,67.36960672896254,630.9472543886111,89.93248535935804,0.8934,92.29409441922661,35.756521693189235,581.836682384144,0.7325581395348837,34.58133660817616,614.0230939385001,0.8018018018018018,28.41833329885857,630.9472543886111,0.9195088676671214,0.08049113233287863,0.5147000079549107,0.36622657735354364,0.7289936789448055,0.8766567716204301,0.34213810103430675,fcfs,50,baseline
930.0,186.0,0.0,57.0,29.648720901961195,0.0,58.613906372790375,690.47189701173,96.38088158854654,0.9055,92.4787107782837,5.837448768956896,53.711339309261916,0.8255813953488372,6.470261264005154,109.82807194309919,0.9099099099099099,35.952374958238806,690.47189701173,0.9017735334242838,0.09822646657571621,0.5147650395307813,0.36622657735354364,0.729253805248288,0.8766567716204301,0.34213810103430675,priority,50,baseline
930.0,186.0,0.0,57.0,28.782970737058186,0.0,48.555300118509045,985.993064374623,107.52026314134616,0.9189,91.53572541468186,5.189992849692137,53.711339309261916,0.8372093023255814,25.229968602911196,550.3773022867936,0.8648648648648649,32.08908169913704,985.993064374623,0.9263301500682128,0.07366984993178716,0.5149557541004973,0.36622657735354364,0.730016663527152,0.87665677162043,0.34213810103430675,sjf,50,baseline
930.0,186.0,0.0,57.0,29.764525112525675,0.0,68.02215954152237,630.9472543886113,89.96596576604095,0.8943,92.06186779706914,31.650984392259225,502.6207356558381,0.7558139534883721,29.76743249540719,579.5106398253322,0.8198198198198198,29.542754010810892,630.9472543886113,0.9167803547066848,0.08321964529331516,0.5148846791608029,0.36622657735354364,0.7297323637683742,0.8766567716204304,0.34213810103430675,wave,50,baseline
930.0,186.0,0.0,57.0,29.923603186831496,0.0,68.49803034373669,630.9472543886111,93.93680783719982,0.9018,92.32141745455418,4.903206572906327,53.711339309261916,0.8255813953488372,25.312848134393196,579.510639825332,0.8828828828828829,33.55736569654257,630.9472543886111,0.9085948158253752,0.09140518417462484,0.5147650395307813,0.36622657735354364,0.729253805248288,0.8766567716204301,0.34213810103430675,radqueue_ai,50,baseline
980.0,196.0,50.0,57.0,32.01773807804082,0.0,76.26834244672048,630.9472543886111,94.06198709095904,0.8874,103.86648212320914,6.020964784371238,53.711339309261916,0.813953488372093,27.009344190099625,579.510639825332,0.8558558558558559,35.583069144218406,630.9472543886111,0.9029374201787995,0.09706257982120048,0.5353510160520043,0.38495332631110724,0.7647680125766285,0.8766567716204299,0.3608776763545131,radqueue_noshow,50,baseline
913.0,182.6,0.0,62.0,27.228351738517055,0.0,85.8282837746514,529.5997914093537,73.01687838051923,0.8723,85.2914158607512,17.101907916912843,301.240956004607,0.8089887640449438,24.191393560819836,432.76168838872195,0.8373983739837398,29.04689575560626,529.5997914093537,0.8987161198288159,0.10128388017118406,0.5030334782374959,0.34627022885132847,0.6683433057101416,0.8801908035588195,0.38428986218343975,fcfs,51,baseline
913.0,182.6,0.0,62.0,27.17565002567197,0.0,76.74566180653011,549.3903009305993,77.07078871547371,0.8828,84.61535488112031,2.06208430590071,17.540106809732833,0.9213483146067416,7.518314801767097,150.46761774348056,0.9186991869918699,33.81325285249072,549.3903009305993,0.8858773181169758,0.11412268188302421,0.503033478237496,0.3462702288513284,0.6683433057101416,0.8801908035588197,0.38428986218343975,priority,51,baseline
913.0,182.6,0.0,62.0,24.020690136537603,0.0,43.046474013770066,821.0910135642991,84.41892441649559,0.9035,82.55665596881987,2.131643626911503,24.39144782347057,0.9325842696629213,33.10651657452109,821.0910135642991,0.8536585365853658,25.2055239275287,734.5240558089529,0.9300998573466477,0.06990014265335232,0.5027921284970227,0.3462702288513284,0.6673779067482486,0.8801908035588197,0.38428986218343975,sjf,51,baseline
913.0,182.6,0.0,62.0,27.20186786980247,0.0,84.73597867503685,529.5997914093534,72.97902987453435,0.8726,84.90501298859655,14.594380546455119,273.0299061926771,0.8539325842696629,22.113463873110803,432.76168838872195,0.8617886178861789,29.695362967335974,529.5997914093534,0.8987161198288159,0.10128388017118406,0.5029422646542125,0.3462702288513284,0.6679784513770078,0.8801908035588195,0.38428986218343975,wave,51,baseline
913.0,182.6,0.0,62.0,27.392202231181226,0.0,83.73554044142001,529.5997914093534,74.96221274468435,0.878,84.9769926502867,2.7483199807002423,71.15308738305555,0.9213483146067416,21.333951766239636,432.76168838872195,0.8861788617886179,31.584028661253434,529.5997914093534,0.8887303851640513,0.11126961483594866,0.5030334782374959,0.3462702288513284,0.6683433057101416,0.8801908035588195,0.38428986218343975,radqueue_ai,51,baseline
959.0,191.8,46.0,62.0,32.19137102806905,0.0,101.10076051989469,657.4493880181146,85.78048818798219,0.8725,97.18790823246935,3.1107951466794392,56.1518793058882,0.9101123595505618,21.181356574565015,404.74000022164944,0.8861788617886179,37.46901899490261,657.4493880181146,0.8688085676037484,0.13119143239625164,0.5208834448971374,0.36290785907142165,0.6932201200398355,0.8909479403258459,0.4004779007786588,radqueue_noshow,51,baseline
