scenario_name,kpi,baseline,scenario,delta,delta_pct
add_1_mri,avg_wait,32.03245834350884,18.002911973167983,-14.02954637034086,-43.79790717244108
add_1_mri,p90_wait,90.53900969735031,62.90059639630438,-27.63841330104593,-30.526524857555174
add_1_mri,max_wait,686.879106191745,223.63796200390624,-463.24114418783876,-67.44143765795711
add_1_mri,std_wait,94.78166743869545,37.36949073814279,-57.41217670055266,-60.573081537826624
add_1_mri,emergency_avg_wait,5.35849759326466,4.109112471408912,-1.2493851218557488,-23.31595937313022
add_1_mri,emergency_within_limit_rate,0.8453506331902846,0.869486757646176,0.024136124455891417,2.85516133876941
add_1_mri,urgent_within_limit_rate,0.8751741947900127,0.8896453063772384,0.014471111587225693,1.6535121434536653
add_1_mri,starvation_rate,0.1086189455291843,0.0668627305305137,-0.041756214998670604,-38.442846959374435
add_1_mri,utilization,0.5217030773526405,0.5074610249134696,-0.014242052439170982,-2.729915359411268
add_1_mri,patients_per_day,190.94,190.94,0.0,0.0
add_1_mri,avg_turnaround,91.74916113513999,78.79098723983739,-12.958173895302593,-14.123479424750407
add_2_technologists,avg_wait,32.03245834350884,31.396362626630115,-0.636095716878728,-1.9857848874956188
add_2_technologists,p90_wait,90.53900969735031,90.02605418388296,-0.5129555134673467,-0.5665574597977503
add_2_technologists,max_wait,686.879106191745,686.879106191745,0.0,0.0
add_2_technologists,std_wait,94.78166743869545,94.89469765375807,0.11303021506262212,0.11925324603065227
add_2_technologists,emergency_avg_wait,5.35849759326466,4.741075785319609,-0.6174218079450515,-11.522293277151363
add_2_technologists,emergency_within_limit_rate,0.8453506331902846,0.8559175673147553,0.01056693412447074,1.2500060577930827
add_2_technologists,urgent_within_limit_rate,0.8751741947900127,0.8759434255592435,0.0007692307692308553,0.08789458987823821
add_2_technologists,starvation_rate,0.1086189455291843,0.1086189455291843,0.0,0.0
add_2_technologists,utilization,0.5217030773526405,0.5217653398022924,6.226244965190642e-05,0.011934460875303725
add_2_technologists,patients_per_day,190.94,190.94,0.0,0.0
add_2_technologists,avg_turnaround,91.74916113513999,91.64440245354987,-0.1047586815901127,-0.11417944348920053
increase_emergency_buffer,avg_wait,32.03245834350884,32.8208661087353,0.7884077652264594,2.4612777351390043
increase_emergency_buffer,p90_wait,90.53900969735031,90.51189513515467,-0.027114562195635017,-0.029947933256915825
increase_emergency_buffer,max_wait,686.879106191745,686.879106191745,0.0,0.0
increase_emergency_buffer,std_wait,94.78166743869545,94.57185263211667,-0.20981480657877682,-0.2213664437951406
increase_emergency_buffer,emergency_avg_wait,5.35849759326466,5.3300664390404835,-0.028431154224176858,-0.5305807034403313
increase_emergency_buffer,emergency_within_limit_rate,0.8453506331902846,0.8464681917546516,0.001117558564367016,0.13220059469872766
increase_emergency_buffer,urgent_within_limit_rate,0.8751741947900127,0.8743338586555589,-0.0008403361344537785,-0.09601929986697184
increase_emergency_buffer,starvation_rate,0.1086189455291843,0.1086189455291843,0.0,0.0
increase_emergency_buffer,utilization,0.5217030773526405,0.5216699022193961,-3.31751332444119e-05,-0.006359006623606222
increase_emergency_buffer,patients_per_day,190.94,190.94,0.0,0.0
increase_emergency_buffer,avg_turnaround,91.74916113513999,92.05043419706185,0.30127306192186154,0.32836601250022085
high_volume_day,avg_wait,32.03245834350884,88.0648889430142,56.03243059950535,174.923916230925
high_volume_day,p90_wait,90.53900969735031,332.3414988153481,241.80248911799777,267.0699513130132
high_volume_day,max_wait,686.879106191745,1231.5418828884863,544.6627766967413,79.295289634956
high_volume_day,std_wait,94.78166743869545,191.47240357873864,96.69073614004319,102.01417505403407
high_volume_day,emergency_avg_wait,5.35849759326466,25.844016110353785,20.485518517089126,382.2996681539674
high_volume_day,emergency_within_limit_rate,0.8453506331902846,0.7460891278320594,-0.0992615053582252,-11.742051340710582
high_volume_day,urgent_within_limit_rate,0.8751741947900127,0.776603736530207,-0.0985704582598057,-11.262953003711047
high_volume_day,starvation_rate,0.1086189455291843,0.25020402521544005,0.14158507968625575,130.35026163848545
high_volume_day,utilization,0.5217030773526405,0.639593887948165,0.11789081059552442,22.597300210256797
high_volume_day,patients_per_day,190.94,293.6,102.66000000000003,53.76558081072589
high_volume_day,avg_turnaround,91.74916113513999,251.22855478812517,159.47939365298518,173.82109185508887
reduce_noshow,avg_wait,32.03245834350884,36.65132180818829,4.61886346467945,14.419322473310672
reduce_noshow,p90_wait,90.53900969735031,106.6118702689353,16.072860571584997,17.752414815793355
reduce_noshow,max_wait,686.879106191745,817.9854180320012,131.10631184025624,19.08724703640314
reduce_noshow,std_wait,94.78166743869545,107.79646367552657,13.014796236831117,13.731343400609674
reduce_noshow,emergency_avg_wait,5.35849759326466,5.485631546926936,0.12713395366227598,2.372567150577364
reduce_noshow,emergency_within_limit_rate,0.8453506331902846,0.8438275676503852,-0.0015230655398993376,-0.18016968108859302
reduce_noshow,urgent_within_limit_rate,0.8751741947900127,0.880821969118333,0.00564777432832031,0.6453314508062505
reduce_noshow,starvation_rate,0.1086189455291843,0.12825803760014223,0.01963909207095793,18.080724292873196
reduce_noshow,utilization,0.5217030773526405,0.5439293530054761,0.022226275652835525,4.260330563051648
reduce_noshow,patients_per_day,190.94,202.4,11.460000000000008,6.001885409029019
reduce_noshow,avg_turnaround,91.74916113513999,103.30175321541155,11.552592080271566,12.59149613722944
